<?xml version="1.0" encoding="UTF-8" ?>
<extension type="package" version="3.5" method="upgrade">
  <name>Nederlands (nl-NL) taalpakket</name>
  <packagename>nl-NL</packagename>
  <version>3.5.0.1</version>
  <creationDate>Februari 2016</creationDate>
  <author>Dutch Translation Team</author>
  <authorEmail>taal@joomlacommunity.eu</authorEmail>
  <authorUrl>http://joomlacode.org/gf/project/nederlands/</authorUrl>
  <description>Nederlands taalpakket</description>
  <files>
    <folder type="language" client="site" id="nl-NL">site_nl-NL</folder>
    <folder type="language" client="administrator" id="nl-NL">admin_nl-NL</folder>
  </files>
  <updateservers>
    <server type="collection" priority="1" name="Accredited Joomla! Translations">http://update.joomla.org/language/translationlist_3.xml</server>
  </updateservers>
</extension>
